PUR,INDIV,SING
0.0,0.0,0.0
25.0,20.0,25.0
942.0,1.0,942.0
3417.0,1.0,3417.0
5918.0,5.0,5918.0
7915.0,11.0,7915.0
10442.0,19.0,10442.0
19577.0,998.0,19577.0
40686.0,3572.0,40686.0
52748.0,6225.0,52748.0
36520.0,8971.0,36520.0
21275.0,16617.0,21275.0
22684.0,31836.0,22684.0
25856.0,53229.0,25856.0
19946.0,63530.0,19946.0
12635.0,43398.0,12635.0
9486.0,25726.0,9486.0
9035.0,26561.0,9035.0
9016.0,29600.0,9016.0
8914.0,23461.0,8914.0
8677.0,15646.0,8677.0
8844.0,12271.0,8844.0
8573.0,11727.0,8573.0
8646.0,11599.0,8646.0
8549.0,11575.0,8549.0
8676.0,11331.0,8676.0
8612.0,11460.0,8612.0
8651.0,11191.0,8651.0
8680.0,11203.0,8680.0
8755.0,11117.0,8755.0
8853.0,11230.0,8852.0
8803.0,11133.0,8803.0
8693.0,11157.0,8692.0
8704.0,11191.0,8701.0
8838.0,11280.0,8836.0
8769.0,11346.0,8768.0
8755.0,11305.0,8752.0
8771.0,11118.0,8765.0
8678.0,11141.0,8675.0
8502.0,11416.0,8494.0
8644.0,11299.0,8631.0
8683.0,11226.0,8671.0
8568.0,11265.0,8555.0
8588.0,11228.0,8574.0
8564.0,11118.0,8547.0
8581.0,11603.0,8557.0
8516.0,12358.0,8483.0
8443.0,13443.0,8404.0
8426.0,15075.0,8383.0
8353.0,16221.0,8305.0
8310.0,16042.0,8248.0
8305.0,14851.0,8238.0
8310.0,13447.0,8230.0
8320.0,12503.0,8237.0
8276.0,11705.0,8190.0
8310.0,11372.0,8225.0
8157.0,11130.0,8072.0
8289.0,11033.0,8219.0
8174.0,10944.0,8101.0
8065.0,10803.0,8001.0
8140.0,10788.0,8051.0
8135.0,10635.0,8050.0
8192.0,10774.0,8106.0
8079.0,10593.0,8007.0
8138.0,10522.0,8054.0
8031.0,10462.0,7947.0
8008.0,10485.0,7931.0
8047.0,10492.0,7966.0
7893.0,10379.0,7828.0
7906.0,10453.0,7830.0
7870.0,10360.0,7796.0
7899.0,10342.0,7838.0
7956.0,10334.0,7879.0
8031.0,10233.0,7952.0
7878.0,10253.0,7808.0
7890.0,10145.0,7824.0
8075.0,10185.0,7997.0
7933.0,10219.0,7864.0
8015.0,10420.0,7946.0
7945.0,10167.0,7882.0
7825.0,10211.0,7765.0
8007.0,10423.0,7943.0
8030.0,10307.0,7965.0
8036.0,10388.0,7966.0
8014.0,10348.0,7944.0
7902.0,10220.0,7836.0
8000.0,10351.0,7933.0
8088.0,10419.0,8010.0
8149.0,10446.0,8084.0
8113.0,10438.0,8018.0
8236.0,10303.0,8143.0
8258.0,10473.0,8166.0
8239.0,10558.0,8154.0
8286.0,10616.0,8195.0
8214.0,10624.0,8127.0
8300.0,10746.0,8223.0
8384.0,10798.0,8299.0
8376.0,10727.0,8290.0
8261.0,10806.0,8178.0
8537.0,10858.0,8447.0
8471.0,10930.0,8380.0
8433.0,11019.0,8327.0
8442.0,11014.0,8351.0
8324.0,10927.0,8225.0
8465.0,11221.0,8363.0
8516.0,11177.0,8424.0
8425.0,11193.0,8325.0
8409.0,11245.0,8306.0
8578.0,11054.0,8461.0
8520.0,11214.0,8409.0
8427.0,11386.0,8323.0
8335.0,11330.0,8227.0
8490.0,11222.0,8370.0
8557.0,11419.0,8430.0
8499.0,11362.0,8380.0
8427.0,11329.0,8295.0
8564.0,11258.0,8428.0
8523.0,11365.0,8393.0
8434.0,11464.0,8300.0
8408.0,11397.0,8278.0
8589.0,11451.0,8462.0
8500.0,11536.0,8357.0
8559.0,11441.0,8416.0
8674.0,11356.0,8523.0
8544.0,11376.0,8379.0
8527.0,11559.0,8372.0
8634.0,11501.0,8474.0
8675.0,11594.0,8517.0
8723.0,11684.0,8580.0
8778.0,11587.0,8613.0
8835.0,11604.0,8661.0
8643.0,11657.0,8496.0
8680.0,11775.0,8506.0
8589.0,11800.0,8408.0
8765.0,11803.0,8567.0
8780.0,11877.0,8595.0
8681.0,11681.0,8499.0
8766.0,11644.0,8587.0
8880.0,11589.0,8696.0
8813.0,11726.0,8598.0
8806.0,11819.0,8618.0
8955.0,11697.0,8750.0
8799.0,11799.0,8584.0
8813.0,11911.0,8596.0
8981.0,11772.0,8760.0
9019.0,11860.0,8790.0
9025.0,11895.0,8804.0
9049.0,11775.0,8830.0
9204.0,11793.0,8963.0
9273.0,11960.0,9031.0
9115.0,11957.0,8887.0
9257.0,11944.0,9018.0
9392.0,12047.0,9136.0
9355.0,12135.0,9102.0
9453.0,12263.0,9188.0
9472.0,12073.0,9204.0
9660.0,12277.0,9388.0
9987.0,12319.0,9697.0
9978.0,12257.0,9679.0
10139.0,12325.0,9842.0
10632.0,12443.0,10300.0
10832.0,12599.0,10535.0
11044.0,12926.0,10700.0
11253.0,12906.0,10913.0
11397.0,13031.0,11050.0
11369.0,13536.0,10996.0
11354.0,13863.0,10957.0
11252.0,13979.0,10883.0
11087.0,14219.0,10684.0
10809.0,14425.0,10450.0
10759.0,14307.0,10385.0
10721.0,14294.0,10342.0
10722.0,14349.0,10325.0
10649.0,14007.0,10260.0
10404.0,13879.0,10004.0
10384.0,13901.0,9999.0
10226.0,13874.0,9847.0
10159.0,13759.0,9745.0
10202.0,13735.0,9784.0
10009.0,13542.0,9599.0
9961.0,13476.0,9557.0
9917.0,13383.0,9513.0
9806.0,13413.0,9402.0
9831.0,13378.0,9394.0
9771.0,13221.0,9347.0
9731.0,13143.0,9296.0
9617.0,13106.0,9184.0
9622.0,12990.0,9172.0
9542.0,13051.0,9093.0
9565.0,12910.0,9148.0
9621.0,12811.0,9170.0
9556.0,12763.0,9111.0
9626.0,12840.0,9164.0
9569.0,12691.0,9132.0
9359.0,12732.0,8917.0
9397.0,12824.0,8956.0
9398.0,12750.0,8963.0
9310.0,12711.0,8841.0
9245.0,12742.0,8777.0
9159.0,12640.0,8674.0
9227.0,12625.0,8735.0
9189.0,12551.0,8689.0
9141.0,12250.0,8650.0
9014.0,12335.0,8517.0
8936.0,12282.0,8452.0
8766.0,12326.0,8272.0
8794.0,12333.0,8308.0
8896.0,12217.0,8389.0
8936.0,12097.0,8425.0
8814.0,12033.0,8308.0
8712.0,11821.0,8241.0
8777.0,11807.0,8255.0
8732.0,11908.0,8190.0
8651.0,11916.0,8166.0
8565.0,11812.0,8051.0
8668.0,11757.0,8125.0
8630.0,11700.0,8119.0
8618.0,11638.0,8051.0
8560.0,11588.0,8015.0
8431.0,11407.0,7889.0
8519.0,11540.0,7975.0
8482.0,11528.0,7913.0
8439.0,11395.0,7905.0
8221.0,11315.0,7678.0
8361.0,11190.0,7802.0
8199.0,11275.0,7638.0
8192.0,11113.0,7652.0
8235.0,11183.0,7698.0
8192.0,10948.0,7634.0
8113.0,11054.0,7558.0
8090.0,10886.0,7557.0
7998.0,10774.0,7429.0
7966.0,10829.0,7401.0
7979.0,10834.0,7418.0
8015.0,10730.0,7419.0
7861.0,10689.0,7281.0
7841.0,10486.0,7275.0
7661.0,10436.0,7097.0
7681.0,10549.0,7097.0
7670.0,10531.0,7088.0
7726.0,10386.0,7164.0
7669.0,10326.0,7066.0
7644.0,10123.0,7052.0
7508.0,10148.0,6909.0
7363.0,10118.0,6766.0
7370.0,10220.0,6778.0
7608.0,10029.0,7016.0
7420.0,10074.0,6843.0
7283.0,9845.0,6688.0
7401.0,9680.0,6785.0
7424.0,9643.0,6807.0
7339.0,9780.0,6690.0
7313.0,9645.0,6722.0
7254.0,9530.0,6667.0
7258.0,9619.0,6664.0
7095.0,9669.0,6505.0
7193.0,9522.0,6601.0
7191.0,9540.0,6580.0
7083.0,9535.0,6507.0
6893.0,9445.0,6284.0
6960.0,9235.0,6342.0
6864.0,9378.0,6268.0
6812.0,9373.0,6178.0
6932.0,9228.0,6296.0
6925.0,9035.0,6252.0
6817.0,9147.0,6203.0
6672.0,8943.0,6097.0
6721.0,8795.0,6135.0
6707.0,8896.0,6111.0
6631.0,8826.0,6005.0
6651.0,8832.0,6041.0
6563.0,8697.0,5951.0
6619.0,8743.0,6016.0
6690.0,8666.0,6061.0
6609.0,8600.0,5983.0
6580.0,8590.0,5966.0
6608.0,8490.0,5991.0
6611.0,8585.0,6000.0
6492.0,8630.0,5881.0
6482.0,8508.0,5845.0
6414.0,8523.0,5765.0
6288.0,8459.0,5675.0
6395.0,8557.0,5780.0
6291.0,8349.0,5679.0
6348.0,8260.0,5735.0
6357.0,8262.0,5712.0
6383.0,8108.0,5746.0
6514.0,8190.0,5893.0
6416.0,8184.0,5781.0
6267.0,8165.0,5649.0
6274.0,8079.0,5646.0
6389.0,8119.0,5721.0
6232.0,8295.0,5592.0
6165.0,8171.0,5562.0
6092.0,8004.0,5477.0
6056.0,8009.0,5425.0
6074.0,8108.0,5464.0
6095.0,7954.0,5451.0
6076.0,7896.0,5445.0
6062.0,7818.0,5396.0
5934.0,7755.0,5287.0
5942.0,7732.0,5314.0
5963.0,7824.0,5360.0
6044.0,7805.0,5434.0
5890.0,7711.0,5289.0
5879.0,7646.0,5259.0
5903.0,7630.0,5293.0
5894.0,7576.0,5247.0
5917.0,7750.0,5268.0
5902.0,7560.0,5257.0
5897.0,7444.0,5255.0
5894.0,7525.0,5269.0
5774.0,7493.0,5128.0
5698.0,7515.0,5076.0
5702.0,7519.0,5039.0
5753.0,7515.0,5111.0
5769.0,7514.0,5119.0
5855.0,7379.0,5196.0
5721.0,7280.0,5082.0
5789.0,7273.0,5149.0
5787.0,7349.0,5132.0
5756.0,7297.0,5136.0
5655.0,7424.0,4986.0
5630.0,7367.0,5004.0
5701.0,7326.0,5064.0
5706.0,7342.0,5044.0
5722.0,7372.0,5087.0
5710.0,7164.0,5045.0
5601.0,7229.0,4925.0
5583.0,7259.0,4953.0
5620.0,7255.0,4970.0
5537.0,7239.0,4900.0
5601.0,7227.0,4950.0
5650.0,7104.0,4972.0
5592.0,7166.0,4961.0
5606.0,7181.0,4970.0
5529.0,7107.0,4891.0
5496.0,7169.0,4824.0
5658.0,7218.0,4962.0
5499.0,7118.0,4834.0
5524.0,7117.0,4866.0
5670.0,7058.0,4971.0
5692.0,6991.0,4969.0
5497.0,7099.0,4808.0
5540.0,6936.0,4896.0
5482.0,7001.0,4791.0
5505.0,7157.0,4835.0
5574.0,7148.0,4898.0
5492.0,7010.0,4822.0
5541.0,7087.0,4857.0
5526.0,6913.0,4838.0
5398.0,7000.0,4695.0
5398.0,7079.0,4727.0
5423.0,6955.0,4737.0
5420.0,7039.0,4766.0
5395.0,7044.0,4708.0
5406.0,6834.0,4715.0
5576.0,6841.0,4869.0
5457.0,6860.0,4744.0
5447.0,6876.0,4750.0
5512.0,6858.0,4806.0
5594.0,6903.0,4879.0
5492.0,7076.0,4801.0
5373.0,6945.0,4686.0
5424.0,6942.0,4727.0
5447.0,7037.0,4765.0
5379.0,7062.0,4679.0
5395.0,6972.0,4700.0
5462.0,6835.0,4721.0
5539.0,6853.0,4851.0
5569.0,6897.0,4860.0
5500.0,6890.0,4797.0
5440.0,6856.0,4732.0
5493.0,6908.0,4779.0
5532.0,7003.0,4820.0
5532.0,6939.0,4822.0
5554.0,6951.0,4837.0
5555.0,6884.0,4799.0
5531.0,6943.0,4798.0
5541.0,6956.0,4794.0
5485.0,6967.0,4746.0
5498.0,6988.0,4786.0
5521.0,6919.0,4820.0
5389.0,6900.0,4730.0
5580.0,6911.0,4831.0
5531.0,6800.0,4786.0
5572.0,6803.0,4855.0
5608.0,6932.0,4855.0
5571.0,6868.0,4852.0
5598.0,7015.0,4848.0
5659.0,6908.0,4912.0
5571.0,6992.0,4804.0
5636.0,6930.0,4875.0
5545.0,6929.0,4819.0
5561.0,6926.0,4834.0
5692.0,7013.0,4941.0
5750.0,6888.0,4990.0
5719.0,6906.0,4950.0
5663.0,6901.0,4924.0
5650.0,6885.0,4893.0
5678.0,7048.0,4921.0
5563.0,7107.0,4827.0
5678.0,7046.0,4921.0
5679.0,7045.0,4896.0
5687.0,7009.0,4967.0
5687.0,6981.0,4951.0
5755.0,6920.0,4994.0
5731.0,6983.0,4970.0
5758.0,6985.0,5001.0
5704.0,6982.0,4941.0
5773.0,6971.0,5051.0
5845.0,6988.0,5118.0
5789.0,6971.0,5096.0
5819.0,7025.0,5125.0
5789.0,6941.0,5034.0
5876.0,7031.0,5110.0
5893.0,7078.0,5117.0
5808.0,7037.0,5055.0
5848.0,7056.0,5125.0
5892.0,6951.0,5145.0
5844.0,6991.0,5105.0
5992.0,7023.0,5209.0
6026.0,6973.0,5244.0
6119.0,7026.0,5296.0
5888.0,7022.0,5152.0
5890.0,6938.0,5150.0
6002.0,7039.0,5269.0
6016.0,7015.0,5241.0
6012.0,7103.0,5228.0
6020.0,6989.0,5245.0
5997.0,6944.0,5257.0
5963.0,7022.0,5211.0
5975.0,6932.0,5215.0
6040.0,6868.0,5302.0
5990.0,6910.0,5239.0
5872.0,6897.0,5120.0
6018.0,6890.0,5262.0
6029.0,6808.0,5269.0
5934.0,6892.0,5201.0
5828.0,6840.0,5115.0
5927.0,6728.0,5221.0
5816.0,6837.0,5111.0
5735.0,6727.0,4981.0
5775.0,6681.0,5023.0
5747.0,6581.0,4988.0
5695.0,6660.0,4949.0
5653.0,6459.0,4896.0
5447.0,6322.0,4705.0
5532.0,6329.0,4768.0
5446.0,6252.0,4728.0
5209.0,6158.0,4482.0
5007.0,6105.0,4329.0
4901.0,5876.0,4218.0
4696.0,5872.0,3962.0
4501.0,5809.0,3786.0
4227.0,5573.0,3491.0
3917.0,5384.0,3195.0
3673.0,5220.0,2988.0
3585.0,4944.0,2896.0
3385.0,4711.0,2679.0
3126.0,4402.0,2433.0
3020.0,4074.0,2340.0
2912.0,3797.0,2241.0
2832.0,3667.0,2164.0
2752.0,3471.0,2075.0
2626.0,3184.0,1943.0
2569.0,3077.0,1902.0
2508.0,2913.0,1875.0
2460.0,2827.0,1807.0
2460.0,2732.0,1801.0
2401.0,2592.0,1733.0
2358.0,2563.0,1713.0
2263.0,2523.0,1660.0
2213.0,2421.0,1609.0
2217.0,2397.0,1621.0
2217.0,2347.0,1605.0
2242.0,2292.0,1595.0
2171.0,2192.0,1587.0
2140.0,2176.0,1569.0
2108.0,2208.0,1548.0
2129.0,2167.0,1553.0
2082.0,2138.0,1512.0
2077.0,2127.0,1507.0
2044.0,2136.0,1485.0
1970.0,2078.0,1422.0
1928.0,2094.0,1383.0
1909.0,2057.0,1384.0
1966.0,2009.0,1439.0
1976.0,2008.0,1451.0
1874.0,1937.0,1354.0
1916.0,1903.0,1368.0
1853.0,1883.0,1324.0
1887.0,1959.0,1354.0
1816.0,1919.0,1323.0
1788.0,1851.0,1292.0
1821.0,1854.0,1312.0
1854.0,1787.0,1363.0
1821.0,1829.0,1320.0
1733.0,1760.0,1266.0
1814.0,1727.0,1328.0
1807.0,1757.0,1310.0
1729.0,1772.0,1250.0
1723.0,1753.0,1271.0
1683.0,1715.0,1233.0
1675.0,1773.0,1222.0
1689.0,1726.0,1236.0
1671.0,1665.0,1222.0
1684.0,1702.0,1227.0
1657.0,1625.0,1195.0
1671.0,1624.0,1231.0
1620.0,1581.0,1176.0
1646.0,1600.0,1212.0
1631.0,1620.0,1180.0
1649.0,1567.0,1193.0
1677.0,1612.0,1215.0
1591.0,1542.0,1156.0
1632.0,1605.0,1181.0
1602.0,1563.0,1159.0
1665.0,1587.0,1214.0
1585.0,1612.0,1146.0
1585.0,1533.0,1181.0
1608.0,1534.0,1151.0
1625.0,1511.0,1175.0
1572.0,1526.0,1124.0
1578.0,1464.0,1124.0
1667.0,1502.0,1181.0
1660.0,1443.0,1189.0
1608.0,1481.0,1157.0
1590.0,1451.0,1157.0
1575.0,1433.0,1129.0
1629.0,1479.0,1151.0
1585.0,1494.0,1126.0
1577.0,1442.0,1127.0
1642.0,1439.0,1178.0
1606.0,1406.0,1129.0
1598.0,1425.0,1139.0
1561.0,1381.0,1101.0
1621.0,1374.0,1156.0
1611.0,1447.0,1157.0
1534.0,1390.0,1075.0
1555.0,1373.0,1115.0
1597.0,1368.0,1136.0
1621.0,1410.0,1140.0
1609.0,1391.0,1130.0
1591.0,1323.0,1143.0
1665.0,1356.0,1165.0
1691.0,1378.0,1206.0
1598.0,1391.0,1150.0
1623.0,1363.0,1123.0
1664.0,1376.0,1151.0
1678.0,1373.0,1173.0
1693.0,1424.0,1184.0
1647.0,1375.0,1163.0
1703.0,1345.0,1216.0
1722.0,1368.0,1211.0
1672.0,1387.0,1158.0
1691.0,1384.0,1185.0
1699.0,1392.0,1174.0
1678.0,1451.0,1160.0
1744.0,1436.0,1189.0
1822.0,1379.0,1213.0
1801.0,1393.0,1201.0
1838.0,1381.0,1238.0
1814.0,1351.0,1248.0
1810.0,1388.0,1223.0
1788.0,1403.0,1220.0
1765.0,1389.0,1190.0
1858.0,1429.0,1268.0
1905.0,1438.0,1297.0
1857.0,1418.0,1237.0
1847.0,1413.0,1245.0
1895.0,1396.0,1276.0
1987.0,1456.0,1318.0
1996.0,1489.0,1314.0
1976.0,1430.0,1322.0
2038.0,1416.0,1364.0
2055.0,1452.0,1390.0
2012.0,1485.0,1320.0
2087.0,1474.0,1393.0
2132.0,1502.0,1406.0
2128.0,1538.0,1401.0
2152.0,1566.0,1412.0
2126.0,1500.0,1389.0
2203.0,1582.0,1415.0
2191.0,1592.0,1459.0
2266.0,1565.0,1469.0
2270.0,1580.0,1454.0
2372.0,1567.0,1498.0
2400.0,1573.0,1503.0
2464.0,1620.0,1524.0
2525.0,1623.0,1574.0
2502.0,1602.0,1560.0
2627.0,1673.0,1621.0
2677.0,1654.0,1673.0
2765.0,1681.0,1752.0
2846.0,1733.0,1788.0
2918.0,1714.0,1815.0
3041.0,1771.0,1892.0
3168.0,1838.0,1936.0
3212.0,1901.0,1954.0
3298.0,1943.0,1978.0
3300.0,1978.0,2015.0
3413.0,2042.0,2083.0
3601.0,2083.0,2212.0
3763.0,2111.0,2295.0
3936.0,2134.0,2391.0
4068.0,2163.0,2477.0
4252.0,2230.0,2537.0
4472.0,2368.0,2697.0
4562.0,2437.0,2741.0
4772.0,2521.0,2912.0
5006.0,2610.0,3015.0
5154.0,2683.0,3109.0
5384.0,2833.0,3314.0
5497.0,2870.0,3369.0
5672.0,3062.0,3520.0
5821.0,3150.0,3629.0
5929.0,3235.0,3636.0
6053.0,3445.0,3700.0
6302.0,3499.0,3841.0
6414.0,3655.0,3863.0
6352.0,3753.0,3939.0
6708.0,3769.0,4152.0
7045.0,3855.0,4316.0
7310.0,3989.0,4549.0
7720.0,4009.0,4855.0
8138.0,4067.0,5139.0
8692.0,4264.0,5532.0
9124.0,4447.0,5800.0
9756.0,4678.0,6262.0
10821.0,4998.0,7004.0
12143.0,5285.0,8022.0
13650.0,5685.0,9089.0
15743.0,5940.0,10584.0
18736.0,6397.0,12775.0
22620.0,7162.0,15484.0
28929.0,8160.0,19863.0
39418.0,9235.0,27671.0
54792.0,10730.0,40795.0
67603.0,12937.0,52733.0
64419.0,15634.0,50850.0
48531.0,20018.0,37480.0
33372.0,27837.0,24607.0
23865.0,40967.0,17145.0
18430.0,52903.0,13059.0
14868.0,51001.0,10457.0
12323.0,37629.0,8751.0
10344.0,24738.0,7359.0
8940.0,17283.0,6332.0
7653.0,13211.0,5326.0
6848.0,10593.0,4752.0
6032.0,8917.0,4214.0
5325.0,7528.0,3740.0
4895.0,6460.0,3375.0
4529.0,5477.0,3152.0
4187.0,4910.0,2954.0
3756.0,4367.0,2636.0
3539.0,3900.0,2481.0
3224.0,3517.0,2301.0
3015.0,3291.0,2130.0
2815.0,3087.0,2029.0
2599.0,2778.0,1860.0
2438.0,2613.0,1747.0
2342.0,2440.0,1690.0
2275.0,2253.0,1623.0
2122.0,2164.0,1526.0
2093.0,1990.0,1502.0
2028.0,1882.0,1459.0
1862.0,1813.0,1360.0
1733.0,1771.0,1281.0
1703.0,1656.0,1257.0
1693.0,1651.0,1280.0
1615.0,1597.0,1210.0
1608.0,1496.0,1195.0
1526.0,1424.0,1151.0
1400.0,1411.0,1056.0
1336.0,1422.0,984.0
1323.0,1349.0,999.0
1243.0,1324.0,949.0
1221.0,1282.0,917.0
1219.0,1182.0,933.0
1166.0,1097.0,899.0
1149.0,1139.0,901.0
1129.0,1080.0,879.0
1129.0,1042.0,887.0
1088.0,1071.0,858.0
1041.0,1050.0,818.0
1090.0,1052.0,877.0
1026.0,1021.0,825.0
991.0,1023.0,787.0
989.0,1000.0,781.0
912.0,948.0,743.0
959.0,1008.0,782.0
905.0,970.0,746.0
871.0,935.0,709.0
899.0,929.0,734.0
903.0,893.0,757.0
877.0,935.0,711.0
808.0,873.0,653.0
837.0,837.0,684.0
842.0,874.0,703.0
866.0,906.0,700.0
870.0,842.0,711.0
806.0,795.0,658.0
809.0,820.0,665.0
813.0,848.0,658.0
777.0,846.0,652.0
757.0,855.0,632.0
781.0,804.0,653.0
771.0,802.0,649.0
773.0,810.0,639.0
766.0,821.0,650.0
764.0,790.0,640.0
775.0,800.0,647.0
728.0,788.0,618.0
722.0,778.0,622.0
724.0,786.0,602.0
713.0,786.0,605.0
709.0,786.0,595.0
715.0,767.0,601.0
707.0,769.0,600.0
719.0,745.0,617.0
726.0,760.0,620.0
719.0,750.0,615.0
754.0,740.0,632.0
727.0,755.0,618.0
740.0,776.0,622.0
696.0,787.0,597.0
649.0,757.0,557.0
685.0,765.0,582.0
683.0,758.0,589.0
693.0,761.0,593.0
684.0,736.0,585.0
706.0,699.0,613.0
695.0,720.0,596.0
727.0,747.0,627.0
683.0,750.0,578.0
686.0,728.0,595.0
721.0,774.0,621.0
659.0,747.0,560.0
647.0,782.0,549.0
689.0,747.0,593.0
675.0,771.0,574.0
658.0,791.0,566.0
710.0,712.0,615.0
693.0,725.0,586.0
644.0,756.0,548.0
636.0,718.0,555.0
642.0,701.0,556.0
646.0,776.0,566.0
650.0,759.0,565.0
679.0,693.0,587.0
667.0,698.0,565.0
670.0,701.0,569.0
600.0,721.0,505.0
676.0,714.0,572.0
667.0,752.0,571.0
675.0,727.0,582.0
670.0,729.0,578.0
653.0,666.0,565.0
628.0,731.0,549.0
646.0,729.0,555.0
663.0,746.0,561.0
649.0,750.0,558.0
654.0,714.0,557.0
661.0,706.0,570.0
660.0,721.0,572.0
622.0,750.0,529.0
646.0,738.0,545.0
663.0,730.0,570.0
650.0,721.0,562.0
638.0,732.0,546.0
639.0,682.0,543.0
638.0,706.0,547.0
697.0,724.0,589.0
648.0,732.0,557.0
652.0,705.0,566.0
701.0,713.0,605.0
661.0,683.0,569.0
627.0,728.0,526.0
629.0,709.0,528.0
657.0,721.0,557.0
663.0,771.0,566.0
687.0,728.0,591.0
655.0,693.0,552.0
681.0,693.0,592.0
704.0,719.0,593.0
691.0,738.0,598.0
663.0,782.0,564.0
668.0,724.0,566.0
711.0,766.0,595.0
687.0,742.0,569.0
703.0,748.0,605.0
666.0,733.0,559.0
667.0,742.0,570.0
662.0,780.0,564.0
656.0,736.0,549.0
675.0,781.0,565.0
700.0,722.0,590.0
695.0,760.0,587.0
683.0,743.0,574.0
683.0,708.0,580.0
711.0,728.0,594.0
698.0,760.0,576.0
669.0,779.0,564.0
664.0,738.0,577.0
686.0,734.0,587.0
659.0,743.0,558.0
701.0,750.0,599.0
691.0,743.0,601.0
669.0,741.0,570.0
669.0,769.0,568.0
684.0,738.0,582.0
680.0,788.0,577.0
697.0,761.0,603.0
719.0,742.0,612.0
707.0,754.0,594.0
690.0,774.0,592.0
692.0,754.0,585.0
707.0,776.0,600.0
681.0,794.0,573.0
671.0,759.0,573.0
678.0,774.0,583.0
645.0,763.0,551.0
739.0,790.0,632.0
701.0,753.0,600.0
675.0,747.0,574.0
701.0,766.0,592.0
723.0,729.0,609.0
696.0,808.0,598.0
697.0,780.0,589.0
695.0,766.0,585.0
729.0,787.0,629.0
701.0,798.0,592.0
675.0,791.0,560.0
676.0,770.0,564.0
686.0,772.0,581.0
668.0,814.0,571.0
699.0,789.0,591.0
690.0,731.0,597.0
675.0,750.0,574.0
702.0,762.0,582.0
698.0,760.0,590.0
732.0,797.0,606.0
748.0,812.0,638.0
692.0,752.0,601.0
709.0,783.0,606.0
712.0,788.0,618.0
713.0,812.0,615.0
718.0,842.0,606.0
706.0,771.0,613.0
733.0,789.0,625.0
712.0,824.0,615.0
690.0,822.0,582.0
672.0,797.0,578.0
685.0,791.0,594.0
708.0,818.0,610.0
708.0,822.0,592.0
738.0,787.0,612.0
710.0,777.0,600.0
680.0,785.0,579.0
733.0,819.0,630.0
748.0,802.0,642.0
728.0,827.0,622.0
755.0,813.0,635.0
660.0,782.0,549.0
697.0,815.0,592.0
708.0,827.0,599.0
709.0,819.0,599.0
693.0,845.0,582.0
742.0,751.0,625.0
730.0,786.0,626.0
715.0,783.0,616.0
736.0,792.0,622.0
746.0,775.0,632.0
765.0,814.0,639.0
728.0,824.0,625.0
751.0,799.0,651.0
733.0,816.0,611.0
761.0,831.0,638.0
786.0,855.0,662.0
790.0,810.0,671.0
742.0,834.0,634.0
739.0,799.0,630.0
769.0,819.0,648.0
764.0,850.0,644.0
751.0,874.0,633.0
748.0,832.0,638.0
747.0,830.0,639.0
772.0,838.0,642.0
755.0,859.0,642.0
739.0,835.0,622.0
777.0,837.0,667.0
797.0,842.0,684.0
804.0,841.0,680.0
746.0,858.0,626.0
788.0,834.0,661.0
779.0,865.0,652.0
838.0,874.0,702.0
806.0,870.0,672.0
778.0,827.0,651.0
756.0,853.0,625.0
776.0,833.0,646.0
774.0,891.0,650.0
763.0,852.0,648.0
738.0,855.0,620.0
774.0,827.0,657.0
757.0,838.0,638.0
774.0,850.0,652.0
747.0,853.0,631.0
769.0,825.0,645.0
743.0,862.0,629.0
736.0,841.0,627.0
765.0,853.0,656.0
782.0,812.0,663.0
800.0,836.0,661.0
770.0,814.0,636.0
768.0,807.0,648.0
760.0,835.0,643.0
724.0,849.0,613.0
729.0,836.0,606.0
761.0,807.0,639.0
769.0,829.0,647.0
720.0,816.0,596.0
764.0,811.0,627.0
794.0,798.0,663.0
767.0,839.0,648.0
766.0,824.0,632.0
751.0,790.0,609.0
739.0,817.0,606.0
770.0,843.0,650.0
736.0,843.0,626.0
716.0,827.0,588.0
718.0,786.0,589.0
699.0,782.0,568.0
710.0,812.0,584.0
694.0,785.0,588.0
691.0,757.0,569.0
689.0,765.0,561.0
659.0,746.0,550.0
634.0,751.0,515.0
628.0,746.0,504.0
598.0,724.0,463.0
569.0,720.0,446.0
539.0,703.0,431.0
548.0,685.0,431.0
565.0,648.0,447.0
552.0,607.0,432.0
555.0,586.0,444.0
542.0,574.0,416.0
522.0,567.0,394.0
512.0,585.0,393.0
488.0,576.0,378.0
515.0,590.0,406.0
471.0,553.0,360.0
491.0,520.0,370.0
500.0,518.0,386.0
523.0,499.0,398.0
469.0,535.0,359.0
479.0,485.0,375.0
487.0,483.0,379.0
494.0,501.0,376.0
465.0,533.0,346.0
487.0,500.0,383.0
471.0,494.0,359.0
479.0,506.0,358.0
463.0,498.0,350.0
479.0,467.0,363.0
486.0,506.0,374.0
470.0,482.0,366.0
479.0,472.0,372.0
454.0,478.0,343.0
471.0,502.0,356.0
446.0,507.0,332.0
435.0,505.0,320.0
441.0,496.0,326.0
426.0,476.0,323.0
456.0,478.0,349.0
443.0,454.0,332.0
468.0,440.0,343.0
434.0,458.0,328.0
431.0,446.0,332.0
432.0,491.0,324.0
484.0,474.0,365.0
475.0,482.0,367.0
486.0,458.0,370.0
448.0,446.0,342.0
445.0,453.0,351.0
432.0,491.0,328.0
431.0,497.0,331.0
443.0,488.0,338.0
430.0,459.0,341.0
434.0,472.0,338.0
449.0,443.0,344.0
461.0,453.0,346.0
435.0,443.0,331.0
443.0,460.0,352.0
479.0,460.0,376.0
473.0,476.0,374.0
434.0,461.0,323.0
423.0,451.0,328.0
426.0,464.0,325.0
456.0,486.0,347.0
422.0,495.0,316.0
461.0,440.0,352.0
458.0,461.0,345.0
460.0,449.0,356.0
404.0,452.0,326.0
440.0,437.0,350.0
450.0,484.0,356.0
447.0,474.0,337.0
452.0,477.0,348.0
459.0,448.0,352.0
463.0,458.0,368.0
451.0,480.0,361.0
441.0,464.0,350.0
453.0,483.0,351.0
449.0,490.0,356.0
433.0,486.0,322.0
443.0,462.0,350.0
437.0,455.0,338.0
432.0,456.0,349.0
456.0,471.0,359.0
440.0,442.0,338.0
448.0,463.0,352.0
464.0,460.0,374.0
485.0,473.0,378.0
426.0,478.0,325.0
449.0,460.0,353.0
497.0,481.0,397.0
442.0,498.0,346.0
479.0,502.0,380.0
493.0,443.0,387.0
458.0,468.0,364.0
433.0,501.0,337.0
481.0,459.0,389.0
458.0,488.0,351.0
472.0,502.0,353.0
487.0,484.0,377.0
466.0,431.0,365.0
453.0,495.0,358.0
438.0,458.0,342.0
448.0,452.0,353.0
432.0,498.0,338.0
457.0,473.0,353.0
470.0,480.0,363.0
459.0,454.0,367.0
475.0,462.0,381.0
494.0,443.0,403.0
467.0,438.0,366.0
494.0,476.0,388.0
492.0,483.0,376.0
478.0,476.0,367.0
489.0,508.0,377.0
489.0,467.0,370.0
501.0,494.0,392.0
510.0,475.0,399.0
479.0,464.0,370.0
489.0,472.0,371.0
495.0,461.0,389.0
466.0,500.0,363.0
452.0,516.0,333.0
462.0,479.0,347.0
469.0,473.0,362.0
463.0,483.0,356.0
512.0,446.0,389.0
475.0,431.0,368.0
505.0,445.0,397.0
497.0,469.0,394.0
491.0,461.0,376.0
499.0,483.0,384.0
510.0,463.0,371.0
485.0,485.0,357.0
503.0,488.0,384.0
539.0,469.0,412.0
524.0,480.0,381.0
517.0,465.0,398.0
474.0,437.0,364.0
447.0,461.0,349.0
449.0,488.0,345.0
484.0,474.0,368.0
500.0,485.0,383.0
478.0,446.0,363.0
479.0,426.0,360.0
480.0,426.0,357.0
461.0,455.0,336.0
463.0,450.0,334.0
458.0,440.0,317.0
482.0,446.0,343.0
511.0,437.0,365.0
464.0,404.0,323.0
432.0,396.0,296.0
442.0,372.0,305.0
414.0,406.0,271.0
407.0,458.0,259.0
419.0,401.0,282.0
420.0,362.0,254.0
395.0,358.0,251.0
407.0,337.0,263.0
382.0,311.0,237.0
370.0,342.0,234.0
367.0,309.0,225.0
361.0,291.0,202.0
341.0,305.0,197.0
388.0,290.0,225.0
361.0,288.0,202.0
379.0,272.0,204.0
400.0,240.0,204.0
378.0,232.0,202.0
378.0,257.0,215.0
389.0,240.0,213.0
393.0,247.0,210.0
409.0,249.0,216.0
406.0,245.0,208.0
398.0,244.0,188.0
375.0,246.0,190.0
381.0,251.0,184.0
416.0,259.0,212.0
377.0,251.0,197.0
436.0,221.0,224.0
421.0,227.0,214.0
443.0,220.0,229.0
442.0,242.0,223.0
426.0,230.0,216.0
451.0,255.0,223.0
492.0,256.0,239.0
500.0,266.0,261.0
474.0,251.0,246.0
500.0,243.0,252.0
498.0,261.0,247.0
492.0,285.0,251.0
538.0,291.0,278.0
539.0,278.0,272.0
547.0,290.0,279.0
578.0,286.0,298.0
617.0,283.0,322.0
612.0,305.0,319.0
667.0,304.0,339.0
708.0,316.0,376.0
755.0,327.0,422.0
811.0,353.0,442.0
917.0,352.0,523.0
1029.0,372.0,597.0
1072.0,401.0,629.0
1227.0,448.0,760.0
1462.0,468.0,881.0
1713.0,555.0,1112.0
2002.0,628.0,1356.0
2387.0,658.0,1639.0
2507.0,789.0,1695.0
2531.0,907.0,1676.0
2289.0,1153.0,1483.0
2012.0,1399.0,1288.0
1690.0,1676.0,1055.0
1432.0,1726.0,891.0
1292.0,1713.0,784.0
1118.0,1528.0,693.0
975.0,1322.0,618.0
900.0,1082.0,565.0
810.0,917.0,501.0
747.0,815.0,448.0
694.0,731.0,414.0
623.0,651.0,388.0
559.0,595.0,338.0
514.0,532.0,311.0
459.0,484.0,279.0
443.0,446.0,257.0
410.0,415.0,250.0
369.0,368.0,224.0
337.0,336.0,193.0
327.0,312.0,197.0
312.0,289.0,177.0
295.0,278.0,178.0
262.0,245.0,158.0
257.0,214.0,150.0
255.0,217.0,146.0
232.0,205.0,134.0
215.0,203.0,125.0
218.0,177.0,131.0
223.0,174.0,140.0
185.0,162.0,112.0
178.0,148.0,105.0
173.0,135.0,92.0
172.0,143.0,99.0
167.0,161.0,98.0
155.0,132.0,90.0
148.0,120.0,87.0
165.0,108.0,93.0
170.0,113.0,94.0
150.0,110.0,78.0
144.0,102.0,69.0
159.0,100.0,87.0
133.0,114.0,73.0
131.0,112.0,63.0
114.0,90.0,56.0
100.0,83.0,54.0
115.0,102.0,59.0
121.0,88.0,61.0
118.0,81.0,64.0
130.0,71.0,74.0
119.0,71.0,61.0
110.0,77.0,50.0
109.0,73.0,55.0
117.0,76.0,58.0
113.0,84.0,58.0
99.0,75.0,45.0
95.0,66.0,40.0
110.0,66.0,57.0
116.0,72.0,52.0
112.0,73.0,54.0
97.0,53.0,43.0
105.0,48.0,49.0
104.0,66.0,52.0
103.0,69.0,46.0
103.0,68.0,46.0
92.0,57.0,41.0
102.0,60.0,44.0
96.0,62.0,50.0
102.0,55.0,51.0
96.0,53.0,43.0
92.0,48.0,38.0
86.0,57.0,42.0
94.0,60.0,48.0
102.0,61.0,52.0
107.0,51.0,48.0
101.0,48.0,46.0
89.0,46.0,37.0
103.0,53.0,51.0
92.0,62.0,44.0
96.0,63.0,50.0
98.0,56.0,50.0
118.0,48.0,62.0
115.0,59.0,54.0
123.0,49.0,64.0
119.0,56.0,51.0
118.0,52.0,47.0
101.0,66.0,55.0
107.0,62.0,58.0
111.0,70.0,50.0
116.0,57.0,54.0
109.0,55.0,46.0
111.0,64.0,46.0
140.0,62.0,71.0
122.0,54.0,54.0
128.0,59.0,61.0
139.0,51.0,59.0
140.0,53.0,69.0
133.0,78.0,61.0
135.0,64.0,65.0
140.0,65.0,50.0
144.0,64.0,57.0
132.0,76.0,62.0
137.0,65.0,63.0
158.0,71.0,76.0
175.0,56.0,84.0
150.0,63.0,68.0
164.0,67.0,72.0
175.0,71.0,80.0
150.0,84.0,74.0
133.0,88.0,62.0
142.0,74.0,66.0
168.0,79.0,84.0
164.0,84.0,85.0
185.0,77.0,86.0
182.0,67.0,78.0
179.0,75.0,72.0
193.0,93.0,77.0
200.0,91.0,94.0
188.0,94.0,86.0
194.0,88.0,90.0
215.0,79.0,96.0
231.0,87.0,105.0
230.0,99.0,95.0
219.0,92.0,96.0
223.0,97.0,95.0
242.0,101.0,100.0
246.0,110.0,106.0
203.0,99.0,95.0
247.0,103.0,117.0
267.0,101.0,122.0
297.0,108.0,145.0
273.0,115.0,122.0
284.0,104.0,137.0
274.0,122.0,130.0
289.0,130.0,135.0
302.0,150.0,145.0
332.0,128.0,157.0
362.0,146.0,176.0
366.0,136.0,162.0
334.0,146.0,147.0
337.0,153.0,163.0
340.0,163.0,171.0
373.0,187.0,182.0
417.0,169.0,202.0
435.0,153.0,220.0
470.0,167.0,249.0
475.0,177.0,259.0
495.0,190.0,266.0
556.0,209.0,296.0
577.0,229.0,311.0
669.0,256.0,377.0
767.0,269.0,417.0
807.0,273.0,450.0
877.0,303.0,477.0
1010.0,316.0,566.0
1137.0,386.0,644.0
1316.0,424.0,762.0
1374.0,460.0,826.0
1573.0,489.0,1011.0
1701.0,581.0,1142.0
1745.0,663.0,1203.0
1615.0,779.0,1173.0
1413.0,843.0,987.0
1244.0,1026.0,852.0
1038.0,1159.0,667.0
879.0,1217.0,584.0
792.0,1187.0,524.0
722.0,1001.0,456.0
648.0,863.0,418.0
581.0,676.0,391.0
513.0,600.0,337.0
441.0,535.0,287.0
414.0,465.0,265.0
374.0,434.0,237.0
345.0,406.0,219.0
318.0,349.0,194.0
306.0,300.0,193.0
285.0,275.0,174.0
255.0,245.0,159.0
231.0,229.0,139.0
223.0,205.0,137.0
210.0,201.0,130.0
200.0,181.0,114.0
175.0,167.0,109.0
181.0,147.0,109.0
180.0,149.0,113.0
157.0,140.0,103.0
136.0,119.0,80.0
137.0,114.0,84.0
127.0,118.0,74.0
121.0,117.0,70.0
117.0,112.0,77.0
107.0,90.0,68.0
103.0,93.0,63.0
97.0,83.0,58.0
92.0,76.0,54.0
70.0,84.0,39.0
85.0,75.0,49.0
102.0,70.0,66.0
91.0,67.0,53.0
87.0,65.0,48.0
81.0,47.0,45.0
77.0,58.0,43.0
69.0,75.0,37.0
65.0,64.0,40.0
62.0,55.0,35.0
61.0,54.0,35.0
71.0,51.0,42.0
70.0,41.0,40.0
55.0,48.0,30.0
52.0,43.0,28.0
58.0,40.0,32.0
58.0,51.0,31.0
59.0,46.0,34.0
53.0,39.0,33.0
53.0,38.0,31.0
47.0,38.0,23.0
37.0,35.0,19.0
31.0,39.0,16.0
28.0,38.0,12.0
35.0,37.0,17.0
40.0,30.0,19.0
37.0,26.0,17.0
36.0,25.0,19.0
42.0,17.0,21.0
32.0,22.0,20.0
35.0,27.0,12.0
42.0,26.0,22.0
32.0,25.0,19.0
29.0,30.0,9.0
35.0,28.0,13.0
29.0,20.0,14.0
23.0,29.0,11.0
32.0,25.0,15.0
27.0,20.0,10.0
27.0,21.0,12.0
27.0,24.0,11.0
29.0,22.0,13.0
25.0,26.0,8.0
29.0,19.0,11.0
23.0,17.0,12.0
17.0,19.0,8.0
27.0,24.0,11.0
23.0,17.0,9.0
26.0,19.0,8.0
24.0,22.0,8.0
27.0,15.0,11.0
19.0,20.0,7.0
29.0,16.0,12.0
23.0,12.0,9.0
15.0,17.0,6.0
20.0,21.0,8.0
19.0,15.0,6.0
18.0,22.0,6.0
23.0,17.0,5.0
21.0,12.0,7.0
18.0,12.0,6.0
20.0,11.0,8.0
16.0,13.0,3.0
23.0,12.0,6.0
21.0,13.0,7.0
19.0,17.0,5.0
17.0,16.0,6.0
19.0,12.0,4.0
25.0,21.0,7.0
19.0,12.0,4.0
23.0,13.0,5.0
21.0,16.0,4.0
14.0,14.0,3.0
15.0,18.0,5.0
20.0,15.0,6.0
14.0,15.0,2.0
17.0,13.0,5.0
21.0,14.0,3.0
16.0,14.0,3.0
21.0,12.0,5.0
18.0,12.0,5.0
11.0,14.0,2.0
18.0,10.0,5.0
14.0,11.0,4.0
11.0,19.0,3.0
15.0,16.0,3.0
12.0,9.0,2.0
14.0,14.0,4.0
15.0,11.0,4.0
17.0,10.0,4.0
8.0,9.0,2.0
13.0,11.0,2.0
21.0,15.0,3.0
17.0,12.0,3.0
19.0,14.0,6.0
16.0,15.0,5.0
16.0,12.0,4.0
12.0,11.0,2.0
11.0,13.0,0.0
8.0,11.0,2.0
10.0,15.0,3.0
13.0,17.0,3.0
16.0,10.0,3.0
17.0,6.0,3.0
14.0,9.0,3.0
9.0,12.0,1.0
16.0,12.0,3.0
14.0,13.0,2.0
13.0,18.0,4.0
13.0,10.0,4.0
15.0,12.0,3.0
10.0,15.0,2.0
19.0,10.0,2.0
17.0,13.0,3.0
17.0,15.0,2.0
14.0,19.0,1.0
13.0,15.0,2.0
13.0,11.0,2.0
14.0,10.0,3.0
13.0,7.0,4.0
7.0,8.0,2.0
10.0,14.0,2.0
19.0,7.0,3.0
12.0,8.0,4.0
13.0,12.0,1.0
20.0,7.0,7.0
12.0,9.0,3.0
11.0,9.0,1.0
12.0,13.0,1.0
17.0,10.0,1.0
15.0,16.0,1.0
12.0,10.0,3.0
13.0,8.0,3.0
18.0,10.0,2.0
15.0,8.0,2.0
7.0,10.0,1.0
12.0,9.0,3.0
12.0,9.0,1.0
14.0,8.0,1.0
11.0,5.0,3.0
14.0,8.0,2.0
10.0,9.0,1.0
11.0,8.0,4.0
11.0,4.0,2.0
12.0,8.0,2.0
13.0,5.0,1.0
15.0,6.0,0.0
11.0,9.0,1.0
18.0,6.0,1.0
14.0,7.0,7.0
15.0,6.0,3.0
18.0,8.0,2.0
10.0,7.0,3.0
9.0,12.0,1.0
11.0,10.0,1.0
14.0,6.0,2.0
14.0,11.0,2.0
15.0,10.0,3.0
13.0,7.0,0.0
8.0,5.0,1.0
10.0,6.0,2.0
8.0,9.0,0.0
16.0,7.0,2.0
15.0,9.0,1.0
11.0,9.0,2.0
16.0,7.0,1.0
20.0,7.0,0.0
20.0,6.0,1.0
12.0,8.0,2.0
19.0,7.0,2.0
18.0,14.0,1.0
18.0,9.0,1.0
19.0,6.0,3.0
19.0,8.0,4.0
14.0,11.0,2.0
9.0,15.0,2.0
12.0,11.0,2.0
15.0,11.0,2.0
10.0,10.0,1.0
14.0,11.0,1.0
12.0,7.0,3.0
14.0,7.0,2.0
15.0,12.0,0.0
8.0,11.0,1.0
8.0,7.0,1.0
7.0,10.0,2.0
12.0,12.0,2.0
12.0,11.0,2.0
14.0,7.0,0.0
14.0,7.0,1.0
12.0,14.0,1.0
10.0,9.0,1.0
13.0,8.0,1.0
15.0,9.0,1.0
11.0,6.0,1.0
10.0,8.0,1.0
9.0,10.0,2.0
7.0,9.0,0.0
10.0,13.0,1.0
12.0,12.0,1.0
15.0,6.0,3.0
8.0,10.0,1.0
14.0,8.0,1.0
15.0,11.0,0.0
12.0,9.0,3.0
10.0,8.0,1.0
13.0,8.0,0.0
14.0,8.0,1.0
12.0,10.0,1.0
10.0,10.0,0.0
6.0,13.0,4.0
5.0,10.0,2.0
12.0,8.0,1.0
16.0,8.0,0.0
13.0,9.0,1.0
14.0,11.0,1.0
12.0,9.0,1.0
14.0,9.0,1.0
9.0,14.0,0.0
6.0,8.0,1.0
11.0,5.0,1.0
14.0,10.0,0.0
12.0,10.0,2.0
13.0,9.0,1.0
15.0,12.0,1.0
9.0,11.0,0.0
12.0,10.0,1.0
11.0,11.0,2.0
13.0,12.0,1.0
12.0,13.0,0.0
14.0,11.0,1.0
12.0,10.0,2.0
12.0,11.0,1.0
11.0,9.0,1.0
11.0,10.0,2.0
11.0,12.0,1.0
10.0,10.0,0.0
9.0,15.0,1.0
12.0,11.0,1.0
12.0,11.0,3.0
7.0,14.0,1.0
7.0,14.0,2.0
8.0,19.0,1.0
11.0,16.0,1.0
15.0,18.0,0.0
18.0,15.0,1.0
14.0,14.0,1.0
13.0,10.0,2.0
12.0,15.0,1.0
14.0,19.0,0.0
12.0,14.0,3.0
9.0,18.0,1.0
13.0,15.0,1.0
14.0,12.0,1.0
14.0,17.0,1.0
16.0,15.0,2.0
8.0,17.0,1.0
7.0,16.0,0.0
12.0,16.0,1.0
12.0,17.0,3.0
8.0,19.0,0.0
12.0,11.0,1.0
15.0,13.0,1.0
9.0,11.0,1.0
9.0,12.0,1.0
9.0,12.0,1.0
12.0,18.0,2.0
13.0,11.0,0.0
9.0,12.0,1.0
10.0,14.0,1.0
13.0,12.0,0.0
13.0,13.0,2.0
9.0,13.0,2.0
13.0,19.0,1.0
9.0,15.0,2.0
12.0,15.0,0.0
12.0,17.0,1.0
9.0,16.0,1.0
10.0,14.0,0.0
14.0,8.0,1.0
16.0,13.0,2.0
14.0,13.0,2.0
14.0,12.0,1.0
10.0,13.0,3.0
12.0,13.0,0.0
9.0,15.0,2.0
11.0,11.0,1.0
13.0,13.0,0.0
15.0,14.0,1.0
14.0,17.0,1.0
12.0,17.0,0.0
11.0,10.0,2.0
8.0,17.0,2.0
12.0,14.0,0.0
11.0,14.0,2.0
9.0,14.0,1.0
13.0,7.0,0.0
15.0,13.0,1.0
9.0,12.0,2.0
8.0,10.0,0.0
13.0,13.0,1.0
12.0,15.0,1.0
13.0,13.0,0.0
14.0,17.0,2.0
18.0,14.0,3.0
11.0,18.0,3.0
11.0,17.0,1.0
10.0,22.0,2.0
10.0,16.0,1.0
12.0,13.0,0.0
14.0,13.0,2.0
12.0,18.0,1.0
18.0,14.0,1.0
13.0,7.0,0.0
11.0,8.0,1.0
16.0,15.0,1.0
16.0,16.0,0.0
12.0,16.0,1.0
11.0,20.0,1.0
15.0,22.0,0.0
15.0,14.0,2.0
12.0,14.0,1.0
16.0,22.0,0.0
13.0,16.0,2.0
8.0,20.0,2.0
16.0,20.0,1.0
16.0,19.0,1.0
12.0,17.0,0.0
14.0,18.0,1.0
13.0,20.0,1.0
12.0,16.0,1.0
15.0,16.0,3.0
16.0,9.0,1.0
23.0,15.0,1.0
19.0,12.0,1.0
12.0,17.0,1.0
14.0,15.0,0.0
10.0,11.0,1.0
9.0,15.0,1.0
17.0,22.0,0.0
14.0,16.0,1.0
23.0,19.0,1.0
15.0,22.0,2.0
16.0,20.0,2.0
21.0,20.0,1.0
13.0,16.0,0.0
9.0,22.0,1.0
6.0,16.0,1.0
15.0,17.0,0.0
21.0,17.0,3.0
17.0,17.0,1.0
15.0,18.0,1.0
17.0,9.0,1.0
15.0,18.0,1.0
15.0,21.0,1.0
14.0,18.0,2.0
16.0,16.0,2.0
10.0,13.0,1.0
10.0,17.0,2.0
19.0,17.0,1.0
14.0,13.0,0.0
20.0,18.0,3.0
14.0,21.0,1.0
13.0,22.0,1.0
20.0,11.0,2.0
23.0,14.0,1.0
17.0,15.0,0.0
15.0,12.0,3.0
17.0,18.0,1.0
18.0,23.0,1.0
17.0,21.0,1.0
16.0,16.0,0.0
12.0,20.0,1.0
18.0,22.0,1.0
18.0,28.0,1.0
16.0,24.0,1.0
13.0,17.0,0.0
18.0,18.0,2.0
15.0,17.0,1.0
15.0,20.0,1.0
24.0,21.0,0.0
23.0,14.0,1.0
16.0,18.0,1.0
14.0,11.0,0.0
17.0,16.0,1.0
18.0,17.0,1.0
17.0,28.0,1.0
15.0,23.0,2.0
12.0,14.0,2.0
23.0,18.0,0.0
15.0,12.0,1.0
11.0,12.0,1.0
23.0,13.0,1.0
19.0,16.0,1.0
16.0,16.0,1.0
14.0,17.0,0.0
10.0,18.0,1.0
11.0,18.0,1.0
14.0,20.0,1.0
20.0,21.0,1.0
22.0,15.0,1.0
27.0,18.0,0.0
23.0,20.0,1.0
20.0,19.0,2.0
17.0,21.0,1.0
16.0,17.0,0.0
18.0,21.0,1.0
16.0,19.0,1.0
19.0,13.0,1.0
12.0,14.0,1.0
20.0,22.0,0.0
13.0,25.0,1.0
16.0,23.0,1.0
11.0,20.0,0.0
14.0,24.0,1.0
13.0,25.0,1.0
17.0,24.0,0.0
15.0,19.0,5.0
15.0,19.0,1.0
13.0,24.0,1.0
17.0,24.0,2.0
18.0,23.0,1.0
16.0,25.0,0.0
25.0,20.0,5.0
15.0,24.0,2.0
13.0,16.0,0.0
13.0,26.0,2.0
11.0,23.0,1.0
14.0,25.0,1.0
16.0,19.0,0.0
18.0,26.0,1.0
18.0,25.0,1.0
17.0,20.0,2.0
18.0,23.0,0.0
15.0,24.0,3.0
18.0,18.0,1.0
32.0,22.0,1.0
19.0,27.0,0.0
16.0,23.0,3.0
18.0,21.0,1.0
13.0,26.0,0.0
21.0,25.0,1.0
17.0,17.0,1.0
20.0,19.0,1.0
12.0,31.0,1.0
18.0,29.0,1.0
24.0,24.0,0.0
19.0,19.0,1.0
18.0,18.0,1.0
22.0,21.0,2.0
26.0,26.0,1.0
19.0,16.0,0.0
23.0,21.0,1.0
23.0,27.0,1.0
17.0,28.0,1.0
22.0,23.0,1.0
22.0,18.0,0.0
17.0,27.0,3.0
21.0,22.0,1.0
26.0,25.0,1.0
16.0,23.0,1.0
28.0,27.0,0.0
19.0,21.0,1.0
19.0,24.0,1.0
25.0,18.0,3.0
22.0,16.0,0.0
24.0,18.0,1.0
21.0,23.0,2.0
21.0,22.0,0.0
21.0,17.0,3.0
22.0,24.0,1.0
21.0,24.0,1.0
26.0,19.0,1.0
17.0,23.0,1.0
20.0,22.0,1.0
15.0,20.0,2.0
20.0,23.0,1.0
18.0,22.0,1.0
18.0,18.0,1.0
28.0,22.0,0.0
23.0,22.0,2.0
20.0,22.0,1.0
21.0,25.0,0.0
24.0,24.0,1.0
24.0,23.0,3.0
19.0,21.0,1.0
14.0,21.0,0.0
19.0,35.0,1.0
24.0,28.0,2.0
28.0,16.0,0.0
23.0,21.0,1.0
19.0,29.0,2.0
17.0,29.0,2.0
21.0,23.0,1.0
25.0,17.0,1.0
19.0,23.0,2.0
20.0,36.0,1.0
26.0,34.0,2.0
20.0,30.0,1.0
22.0,23.0,0.0
21.0,27.0,7.0
31.0,34.0,1.0
28.0,28.0,0.0
24.0,28.0,2.0
25.0,30.0,1.0
23.0,19.0,1.0
22.0,27.0,0.0
21.0,24.0,2.0
19.0,28.0,1.0
23.0,22.0,2.0
20.0,18.0,2.0
17.0,37.0,1.0
23.0,27.0,0.0
21.0,22.0,2.0
23.0,21.0,2.0
24.0,26.0,1.0
23.0,23.0,1.0
24.0,24.0,1.0
19.0,31.0,0.0
18.0,32.0,1.0
26.0,27.0,2.0
25.0,24.0,0.0
27.0,28.0,2.0
24.0,25.0,1.0
22.0,27.0,1.0
28.0,27.0,2.0
30.0,30.0,0.0
31.0,29.0,1.0
24.0,28.0,2.0
19.0,18.0,1.0
22.0,25.0,1.0
21.0,27.0,0.0
21.0,32.0,5.0
20.0,29.0,1.0
20.0,20.0,1.0
18.0,30.0,0.0
23.0,24.0,5.0
26.0,28.0,1.0
27.0,30.0,0.0
27.0,24.0,2.0
18.0,33.0,1.0
22.0,27.0,1.0
15.0,28.0,1.0
21.0,28.0,0.0
26.0,27.0,1.0
22.0,29.0,1.0
30.0,31.0,1.0
25.0,27.0,1.0
22.0,20.0,0.0
23.0,28.0,1.0
23.0,31.0,1.0
27.0,39.0,1.0
18.0,31.0,0.0
22.0,27.0,1.0
30.0,25.0,1.0
23.0,25.0,1.0
18.0,31.0,0.0
30.0,19.0,3.0
25.0,26.0,1.0
26.0,31.0,1.0
28.0,38.0,0.0
26.0,30.0,2.0
21.0,23.0,1.0
19.0,22.0,0.0
24.0,20.0,5.0
24.0,31.0,2.0
30.0,33.0,1.0
24.0,26.0,0.0
27.0,28.0,1.0
17.0,23.0,2.0
33.0,23.0,1.0
29.0,20.0,0.0
24.0,26.0,2.0
21.0,29.0,3.0
25.0,27.0,1.0
28.0,28.0,1.0
28.0,24.0,1.0
25.0,20.0,2.0
26.0,23.0,0.0
23.0,31.0,2.0
28.0,33.0,1.0
25.0,31.0,1.0
22.0,17.0,0.0
23.0,21.0,1.0
28.0,26.0,1.0
30.0,34.0,0.0
24.0,27.0,3.0
23.0,27.0,1.0
26.0,28.0,2.0
22.0,22.0,3.0
29.0,27.0,2.0
31.0,26.0,1.0
25.0,29.0,1.0
30.0,23.0,0.0
31.0,21.0,1.0
37.0,29.0,1.0
29.0,30.0,1.0
31.0,28.0,1.0
35.0,27.0,1.0
21.0,27.0,0.0
25.0,25.0,4.0
27.0,24.0,1.0
28.0,32.0,0.0
30.0,34.0,3.0
24.0,31.0,1.0
19.0,26.0,0.0
25.0,31.0,2.0
36.0,27.0,1.0
28.0,24.0,1.0
28.0,19.0,0.0
23.0,23.0,1.0
29.0,27.0,3.0
26.0,27.0,1.0
24.0,26.0,1.0
22.0,28.0,0.0
22.0,27.0,2.0
23.0,24.0,1.0
29.0,31.0,0.0
36.0,28.0,5.0
40.0,28.0,1.0
28.0,39.0,0.0
19.0,34.0,1.0
26.0,33.0,1.0
17.0,30.0,0.0
29.0,24.0,4.0
32.0,28.0,1.0
29.0,27.0,1.0
28.0,35.0,0.0
27.0,32.0,2.0
25.0,28.0,1.0
26.0,24.0,1.0
36.0,28.0,0.0
27.0,24.0,2.0
34.0,28.0,1.0
31.0,26.0,0.0
32.0,25.0,2.0
28.0,25.0,2.0
30.0,26.0,1.0
29.0,40.0,1.0
31.0,37.0,1.0
24.0,39.0,0.0
28.0,32.0,2.0
28.0,26.0,1.0
28.0,33.0,0.0
32.0,28.0,1.0
27.0,24.0,1.0
33.0,33.0,0.0
31.0,32.0,2.0
27.0,34.0,1.0
26.0,30.0,1.0
28.0,35.0,1.0
27.0,33.0,1.0
29.0,29.0,0.0
29.0,29.0,2.0
22.0,37.0,1.0
24.0,31.0,0.0
35.0,27.0,3.0
34.0,32.0,1.0
32.0,31.0,0.0
30.0,32.0,1.0
34.0,31.0,1.0
27.0,28.0,2.0
24.0,24.0,3.0
32.0,34.0,0.0
29.0,25.0,4.0
33.0,30.0,1.0
30.0,27.0,0.0
31.0,23.0,1.0
27.0,22.0,1.0
24.0,31.0,0.0
27.0,29.0,4.0
31.0,31.0,1.0
26.0,31.0,2.0
26.0,21.0,2.0
24.0,22.0,1.0
27.0,26.0,1.0
28.0,34.0,0.0
32.0,31.0,1.0
36.0,22.0,1.0
29.0,31.0,0.0
29.0,34.0,3.0
27.0,33.0,1.0
40.0,28.0,1.0
28.0,36.0,1.0
28.0,34.0,1.0
24.0,35.0,1.0
28.0,33.0,1.0
22.0,33.0,1.0
22.0,29.0,2.0
28.0,27.0,1.0
27.0,32.0,3.0
24.0,36.0,0.0
25.0,31.0,2.0
26.0,33.0,1.0
30.0,26.0,2.0
25.0,25.0,1.0
31.0,30.0,1.0
31.0,30.0,1.0
26.0,26.0,1.0
31.0,31.0,1.0
37.0,34.0,2.0
29.0,43.0,1.0
24.0,43.0,2.0
30.0,33.0,2.0
32.0,34.0,4.0
30.0,34.0,1.0
23.0,39.0,2.0
28.0,37.0,0.0
29.0,31.0,1.0
30.0,39.0,1.0
32.0,39.0,1.0
33.0,25.0,0.0
31.0,27.0,2.0
28.0,24.0,1.0
29.0,27.0,1.0
30.0,27.0,1.0
39.0,27.0,0.0
39.0,29.0,1.0
39.0,27.0,1.0
30.0,36.0,0.0
32.0,32.0,1.0
26.0,23.0,1.0
35.0,25.0,0.0
29.0,29.0,1.0
33.0,38.0,1.0
28.0,30.0,1.0
30.0,25.0,1.0
26.0,32.0,1.0
32.0,26.0,0.0
24.0,28.0,1.0
26.0,33.0,1.0
27.0,35.0,3.0
22.0,35.0,1.0
27.0,38.0,0.0
42.0,27.0,1.0
34.0,34.0,1.0
29.0,31.0,1.0
26.0,21.0,1.0
25.0,34.0,2.0
31.0,30.0,1.0
25.0,28.0,4.0
28.0,26.0,1.0
34.0,29.0,0.0
39.0,36.0,3.0
37.0,35.0,1.0
25.0,32.0,2.0
29.0,33.0,0.0
25.0,34.0,4.0
32.0,29.0,1.0
32.0,38.0,1.0
32.0,29.0,0.0
32.0,27.0,3.0
25.0,38.0,1.0
22.0,37.0,1.0
35.0,36.0,1.0
31.0,25.0,1.0
33.0,32.0,0.0
28.0,35.0,1.0
20.0,30.0,1.0
23.0,25.0,1.0
26.0,36.0,1.0
27.0,30.0,1.0
28.0,35.0,1.0
33.0,29.0,1.0
39.0,40.0,2.0
26.0,41.0,1.0
27.0,32.0,0.0
32.0,36.0,4.0
38.0,38.0,3.0
38.0,33.0,0.0
32.0,27.0,3.0
32.0,24.0,1.0
27.0,27.0,0.0
27.0,37.0,3.0
26.0,37.0,1.0
34.0,31.0,1.0
31.0,24.0,2.0
31.0,28.0,2.0
39.0,28.0,1.0
34.0,34.0,1.0
28.0,30.0,1.0
32.0,36.0,0.0
34.0,34.0,4.0
34.0,34.0,1.0
35.0,37.0,2.0
32.0,42.0,0.0
32.0,36.0,2.0
26.0,36.0,2.0
36.0,35.0,0.0
44.0,32.0,3.0
34.0,34.0,1.0
33.0,30.0,0.0
33.0,31.0,1.0
33.0,36.0,1.0
31.0,32.0,0.0
25.0,35.0,1.0
29.0,32.0,1.0
33.0,30.0,0.0
39.0,33.0,1.0
29.0,30.0,1.0
35.0,28.0,1.0
40.0,32.0,3.0
32.0,35.0,3.0
32.0,35.0,0.0
39.0,27.0,4.0
34.0,29.0,1.0
30.0,27.0,2.0
34.0,33.0,0.0
32.0,29.0,1.0
35.0,31.0,1.0
30.0,32.0,1.0
32.0,28.0,0.0
27.0,32.0,1.0
23.0,33.0,1.0
41.0,34.0,1.0
34.0,31.0,1.0
34.0,41.0,1.0
27.0,29.0,0.0
29.0,27.0,5.0
32.0,31.0,1.0
21.0,33.0,1.0
29.0,29.0,0.0
33.0,31.0,2.0
34.0,35.0,1.0
35.0,32.0,0.0
33.0,29.0,1.0
34.0,39.0,1.0
40.0,42.0,2.0
32.0,29.0,1.0
34.0,36.0,1.0
28.0,33.0,1.0
39.0,32.0,2.0
34.0,34.0,1.0
32.0,32.0,1.0
28.0,36.0,2.0
28.0,33.0,0.0
32.0,35.0,1.0
28.0,32.0,2.0
38.0,36.0,1.0
35.0,35.0,2.0
32.0,34.0,1.0
35.0,27.0,1.0
30.0,35.0,0.0
24.0,36.0,2.0
28.0,41.0,1.0
29.0,46.0,0.0
26.0,30.0,2.0
33.0,39.0,2.0
35.0,29.0,0.0
41.0,32.0,1.0
34.0,37.0,1.0
33.0,35.0,0.0
29.0,27.0,1.0
32.0,33.0,1.0
33.0,29.0,1.0
28.0,33.0,1.0
31.0,34.0,1.0
37.0,43.0,1.0
40.0,35.0,0.0
36.0,39.0,1.0
24.0,33.0,1.0
24.0,31.0,0.0
27.0,27.0,2.0
26.0,33.0,1.0
26.0,32.0,1.0
38.0,42.0,1.0
29.0,31.0,1.0
34.0,30.0,1.0
32.0,37.0,0.0
36.0,32.0,3.0
23.0,30.0,2.0
31.0,36.0,0.0
28.0,42.0,6.0
27.0,33.0,1.0
36.0,33.0,2.0
42.0,35.0,2.0
34.0,41.0,0.0
31.0,39.0,1.0
38.0,34.0,1.0
43.0,28.0,0.0
39.0,28.0,1.0
31.0,29.0,1.0
30.0,28.0,0.0
33.0,31.0,3.0
37.0,36.0,1.0
26.0,29.0,1.0
29.0,34.0,0.0
37.0,25.0,2.0
37.0,37.0,1.0
36.0,27.0,0.0
34.0,27.0,2.0
29.0,31.0,1.0
29.0,33.0,0.0
31.0,32.0,1.0
36.0,33.0,1.0
30.0,28.0,1.0
34.0,29.0,0.0
34.0,32.0,2.0
34.0,32.0,1.0
34.0,27.0,1.0
34.0,33.0,0.0
37.0,33.0,2.0
33.0,35.0,1.0
28.0,31.0,0.0
38.0,32.0,4.0
28.0,30.0,1.0
35.0,29.0,0.0
32.0,29.0,3.0
34.0,33.0,1.0
33.0,29.0,0.0
32.0,29.0,5.0
34.0,28.0,1.0
31.0,40.0,0.0
39.0,33.0,3.0
41.0,33.0,1.0
29.0,37.0,0.0
37.0,35.0,1.0
33.0,34.0,1.0
32.0,27.0,1.0
32.0,20.0,0.0
33.0,24.0,1.0
27.0,29.0,1.0
33.0,26.0,1.0
32.0,32.0,1.0
36.0,28.0,0.0
36.0,29.0,1.0
40.0,31.0,2.0
30.0,28.0,1.0
25.0,25.0,0.0
32.0,33.0,5.0
36.0,28.0,1.0
42.0,32.0,1.0
28.0,30.0,0.0
26.0,33.0,1.0
30.0,36.0,1.0
29.0,40.0,1.0
34.0,41.0,1.0
40.0,35.0,2.0
38.0,33.0,0.0
35.0,34.0,6.0
33.0,25.0,1.0
29.0,25.0,0.0
36.0,26.0,4.0
37.0,31.0,1.0
28.0,31.0,1.0
32.0,28.0,1.0
36.0,27.0,0.0
34.0,28.0,5.0
29.0,24.0,1.0
31.0,20.0,1.0
30.0,26.0,0.0
29.0,31.0,1.0
31.0,30.0,1.0
37.0,17.0,1.0
36.0,24.0,1.0
36.0,32.0,0.0
31.0,26.0,5.0
28.0,25.0,2.0
30.0,31.0,1.0
31.0,24.0,1.0
29.0,19.0,0.0
38.0,22.0,1.0
33.0,22.0,1.0
35.0,22.0,0.0
24.0,22.0,1.0
31.0,24.0,1.0
39.0,25.0,0.0
30.0,24.0,4.0
30.0,31.0,1.0
45.0,29.0,1.0
40.0,27.0,0.0
24.0,28.0,2.0
27.0,23.0,1.0
41.0,18.0,0.0
33.0,17.0,2.0
25.0,31.0,2.0
32.0,26.0,0.0
37.0,24.0,2.0
33.0,22.0,1.0
35.0,22.0,0.0
30.0,21.0,14.0
33.0,16.0,1.0
31.0,23.0,1.0
33.0,24.0,0.0
26.0,22.0,1.0
27.0,28.0,1.0
41.0,27.0,0.0
29.0,24.0,9.0
31.0,29.0,1.0
36.0,27.0,1.0
28.0,27.0,1.0
34.0,24.0,1.0
26.0,23.0,1.0
30.0,18.0,0.0
33.0,21.0,4.0
32.0,23.0,1.0
35.0,16.0,0.0
34.0,20.0,4.0
30.0,24.0,1.0
35.0,17.0,0.0
31.0,15.0,1.0
29.0,19.0,1.0
26.0,20.0,0.0
33.0,18.0,8.0
32.0,14.0,1.0
32.0,10.0,0.0
25.0,18.0,4.0
29.0,13.0,1.0
34.0,14.0,0.0
39.0,14.0,16.0
43.0,12.0,2.0
34.0,18.0,0.0
21.0,17.0,1.0
26.0,17.0,1.0
30.0,25.0,1.0
30.0,24.0,0.0
26.0,13.0,4.0
27.0,11.0,1.0
34.0,18.0,0.0
34.0,14.0,8.0
34.0,13.0,2.0
27.0,20.0,0.0
24.0,19.0,1.0
40.0,13.0,1.0
24.0,13.0,0.0
20.0,17.0,3.0
22.0,10.0,1.0
25.0,14.0,1.0
30.0,13.0,0.0
15.0,9.0,1.0
26.0,7.0,1.0
31.0,12.0,0.0
25.0,14.0,3.0
26.0,11.0,1.0
29.0,12.0,0.0
34.0,15.0,7.0
29.0,15.0,1.0
25.0,14.0,0.0
27.0,12.0,1.0
33.0,11.0,1.0
30.0,14.0,1.0
32.0,11.0,1.0
26.0,6.0,0.0
28.0,14.0,1.0
21.0,11.0,1.0
23.0,12.0,1.0
26.0,10.0,1.0
25.0,14.0,0.0
19.0,9.0,4.0
22.0,11.0,1.0
24.0,17.0,0.0
20.0,10.0,5.0
25.0,11.0,1.0
20.0,15.0,0.0
19.0,15.0,12.0
25.0,16.0,1.0
19.0,13.0,0.0
21.0,8.0,10.0
20.0,14.0,1.0
27.0,15.0,0.0
28.0,16.0,13.0
19.0,8.0,1.0
22.0,12.0,0.0
28.0,13.0,7.0
25.0,9.0,1.0
28.0,15.0,0.0
25.0,10.0,7.0
27.0,10.0,1.0
25.0,10.0,0.0
21.0,12.0,7.0
20.0,14.0,1.0
27.0,10.0,0.0
19.0,12.0,3.0
22.0,9.0,1.0
22.0,9.0,0.0
21.0,12.0,2.0
22.0,11.0,1.0
16.0,12.0,0.0
28.0,10.0,6.0
22.0,9.0,1.0
19.0,10.0,1.0
16.0,14.0,0.0
27.0,18.0,1.0
24.0,15.0,1.0
23.0,12.0,2.0
22.0,9.0,2.0
16.0,15.0,0.0
17.0,13.0,5.0
24.0,11.0,1.0
23.0,8.0,0.0
25.0,9.0,11.0
18.0,13.0,1.0
12.0,13.0,1.0
22.0,13.0,0.0
24.0,11.0,10.0
18.0,11.0,1.0
19.0,10.0,0.0
17.0,12.0,2.0
22.0,8.0,1.0
20.0,10.0,2.0
18.0,10.0,1.0
21.0,6.0,0.0
20.0,11.0,1.0
16.0,13.0,1.0
18.0,9.0,0.0
20.0,10.0,5.0
21.0,13.0,2.0
15.0,14.0,0.0
24.0,12.0,7.0
16.0,13.0,1.0
13.0,12.0,0.0
19.0,18.0,14.0
13.0,9.0,1.0
18.0,13.0,0.0
18.0,13.0,5.0
20.0,12.0,1.0
23.0,10.0,1.0
21.0,5.0,0.0
14.0,11.0,16.0
13.0,13.0,1.0
17.0,14.0,1.0
21.0,13.0,0.0
11.0,15.0,13.0
9.0,17.0,1.0
17.0,13.0,0.0
19.0,11.0,2.0
17.0,13.0,1.0
14.0,15.0,0.0
15.0,15.0,1.0
8.0,16.0,1.0
14.0,15.0,0.0
9.0,14.0,3.0
15.0,16.0,1.0
14.0,9.0,0.0
15.0,12.0,5.0
16.0,13.0,1.0
17.0,14.0,0.0
17.0,9.0,1.0
12.0,8.0,1.0
14.0,10.0,0.0
13.0,12.0,4.0
12.0,7.0,1.0
14.0,9.0,0.0
9.0,17.0,4.0
11.0,16.0,1.0
13.0,15.0,0.0
12.0,10.0,3.0
12.0,11.0,1.0
13.0,9.0,0.0
9.0,18.0,4.0
12.0,15.0,1.0
10.0,17.0,0.0
14.0,18.0,2.0
10.0,15.0,1.0
16.0,9.0,0.0
11.0,15.0,27.0
10.0,19.0,1.0
9.0,14.0,1.0
10.0,14.0,2.0
14.0,8.0,0.0
9.0,12.0,8.0
14.0,14.0,1.0
13.0,15.0,0.0
14.0,19.0,9.0
15.0,14.0,1.0
6.0,12.0,1.0
9.0,10.0,0.0
11.0,12.0,23.0
7.0,13.0,1.0
9.0,11.0,0.0
12.0,12.0,1.0
14.0,14.0,1.0
14.0,14.0,0.0
15.0,10.0,1.0
19.0,11.0,1.0
19.0,15.0,1.0
21.0,19.0,0.0
14.0,18.0,17.0
13.0,15.0,1.0
9.0,17.0,0.0
14.0,20.0,1.0
9.0,14.0,1.0
10.0,12.0,0.0
14.0,18.0,1.0
14.0,17.0,1.0
13.0,15.0,0.0
14.0,16.0,36.0
14.0,18.0,1.0
9.0,13.0,0.0
11.0,16.0,1.0
8.0,17.0,1.0
7.0,16.0,0.0
12.0,12.0,3.0
16.0,12.0,1.0
11.0,18.0,1.0
11.0,20.0,0.0
14.0,20.0,6.0
9.0,13.0,1.0
9.0,16.0,0.0
9.0,22.0,6.0
11.0,14.0,1.0
11.0,10.0,0.0
11.0,12.0,4.0
12.0,17.0,1.0
13.0,14.0,0.0
11.0,15.0,14.0
13.0,8.0,1.0
10.0,13.0,0.0
16.0,15.0,2.0
11.0,13.0,1.0
9.0,10.0,0.0
13.0,16.0,8.0
13.0,21.0,1.0
14.0,18.0,0.0
10.0,21.0,10.0
17.0,18.0,1.0
16.0,12.0,1.0
17.0,14.0,0.0
22.0,10.0,20.0
14.0,12.0,1.0
10.0,12.0,0.0
13.0,15.0,5.0
13.0,18.0,1.0
10.0,16.0,0.0
14.0,14.0,5.0
17.0,13.0,1.0
13.0,11.0,0.0
9.0,16.0,2.0
10.0,18.0,1.0
8.0,20.0,0.0
11.0,24.0,2.0
17.0,15.0,1.0
12.0,14.0,0.0
8.0,12.0,21.0
11.0,14.0,1.0
15.0,14.0,0.0
13.0,15.0,1.0
14.0,20.0,1.0
15.0,18.0,0.0
11.0,15.0,7.0
7.0,15.0,1.0
13.0,13.0,0.0
23.0,10.0,1.0
19.0,12.0,1.0
18.0,18.0,0.0
15.0,12.0,5.0
13.0,14.0,1.0
11.0,16.0,0.0
12.0,11.0,6.0
11.0,10.0,0.0
12.0,13.0,0.0
16.0,15.0,0.0
15.0,16.0,0.0
18.0,10.0,0.0
16.0,11.0,0.0
14.0,14.0,0.0
15.0,13.0,0.0
14.0,17.0,0.0
13.0,13.0,0.0
15.0,6.0,0.0
14.0,13.0,0.0
16.0,17.0,0.0
9.0,21.0,0.0
8.0,17.0,0.0
11.0,13.0,0.0
10.0,20.0,0.0
15.0,17.0,0.0
13.0,19.0,0.0
11.0,16.0,0.0
17.0,18.0,0.0
12.0,17.0,0.0
18.0,17.0,0.0
17.0,19.0,0.0
14.0,15.0,0.0
8.0,21.0,0.0
14.0,19.0,0.0
16.0,14.0,0.0
17.0,18.0,0.0
16.0,17.0,0.0
14.0,16.0,0.0
18.0,16.0,0.0
15.0,19.0,0.0
18.0,14.0,0.0
15.0,19.0,0.0
14.0,17.0,0.0
18.0,10.0,0.0
13.0,12.0,0.0
15.0,15.0,0.0
14.0,19.0,0.0
13.0,13.0,0.0
14.0,13.0,0.0
12.0,16.0,0.0
11.0,20.0,0.0
8.0,23.0,0.0
11.0,17.0,0.0
17.0,20.0,0.0
14.0,20.0,0.0
16.0,17.0,0.0
11.0,17.0,0.0
16.0,12.0,0.0
17.0,13.0,0.0
17.0,17.0,0.0
10.0,24.0,0.0
10.0,17.0,0.0
25.0,15.0,0.0
25.0,12.0,0.0
15.0,10.0,0.0
10.0,17.0,0.0
14.0,17.0,0.0
12.0,13.0,0.0
12.0,14.0,0.0
17.0,17.0,0.0
9.0,19.0,0.0
15.0,22.0,0.0
24.0,18.0,0.0
24.0,9.0,0.0
16.0,10.0,0.0
23.0,16.0,0.0
23.0,16.0,0.0
19.0,11.0,0.0
14.0,17.0,0.0
24.0,12.0,0.0
18.0,10.0,0.0
12.0,20.0,0.0
13.0,15.0,0.0
9.0,14.0,0.0
11.0,16.0,0.0
13.0,15.0,0.0
13.0,14.0,0.0
18.0,12.0,0.0
19.0,19.0,0.0
13.0,9.0,0.0
21.0,12.0,0.0
16.0,15.0,0.0
11.0,14.0,0.0
12.0,14.0,0.0
18.0,15.0,0.0
12.0,13.0,0.0
11.0,16.0,0.0
21.0,13.0,0.0
16.0,16.0,0.0
14.0,12.0,0.0
18.0,9.0,0.0
12.0,10.0,0.0
15.0,21.0,0.0
15.0,17.0,0.0
19.0,13.0,0.0
17.0,12.0,0.0
14.0,12.0,0.0
15.0,11.0,0.0
15.0,14.0,0.0
15.0,15.0,0.0
22.0,16.0,0.0
19.0,16.0,0.0
16.0,11.0,0.0
17.0,6.0,0.0
18.0,9.0,0.0
13.0,11.0,0.0
14.0,8.0,0.0
15.0,14.0,0.0
19.0,9.0,0.0
17.0,10.0,0.0
14.0,10.0,0.0
15.0,10.0,0.0
17.0,11.0,0.0
15.0,12.0,0.0
18.0,12.0,0.0
12.0,11.0,0.0
14.0,12.0,0.0
14.0,14.0,0.0
14.0,8.0,0.0
14.0,10.0,0.0
13.0,11.0,0.0
10.0,7.0,0.0
11.0,7.0,0.0
16.0,11.0,0.0
13.0,12.0,0.0
11.0,14.0,0.0
16.0,13.0,0.0
14.0,11.0,0.0
13.0,9.0,0.0
18.0,9.0,0.0
10.0,13.0,0.0
12.0,13.0,0.0
11.0,5.0,0.0
23.0,6.0,0.0
14.0,12.0,0.0
17.0,8.0,0.0
23.0,8.0,0.0
20.0,12.0,0.0
15.0,9.0,0.0
18.0,10.0,0.0
15.0,12.0,0.0
16.0,8.0,0.0
18.0,10.0,0.0
13.0,11.0,0.0
11.0,11.0,0.0
14.0,7.0,0.0
17.0,4.0,0.0
13.0,9.0,0.0
16.0,12.0,0.0
16.0,5.0,0.0
14.0,11.0,0.0
17.0,7.0,0.0
14.0,8.0,0.0
21.0,11.0,0.0
16.0,10.0,0.0
11.0,13.0,0.0
14.0,9.0,0.0
13.0,10.0,0.0
14.0,10.0,0.0
13.0,6.0,0.0
11.0,8.0,0.0
14.0,12.0,0.0
17.0,9.0,0.0
10.0,8.0,0.0
12.0,9.0,0.0
13.0,7.0,0.0
20.0,11.0,0.0
12.0,16.0,0.0
16.0,18.0,0.0
16.0,7.0,0.0
10.0,7.0,0.0
13.0,6.0,0.0
9.0,12.0,0.0
14.0,8.0,0.0
10.0,9.0,0.0
12.0,10.0,0.0
11.0,7.0,0.0
10.0,13.0,0.0
14.0,8.0,0.0
9.0,12.0,0.0
13.0,9.0,0.0
14.0,12.0,0.0
11.0,10.0,0.0
14.0,10.0,0.0
13.0,10.0,0.0
15.0,11.0,0.0
17.0,10.0,0.0
13.0,8.0,0.0
12.0,14.0,0.0
12.0,9.0,0.0
9.0,6.0,0.0
11.0,11.0,0.0
9.0,14.0,0.0
13.0,14.0,0.0
14.0,15.0,0.0
15.0,9.0,0.0
10.0,13.0,0.0
12.0,11.0,0.0
9.0,12.0,0.0
15.0,15.0,0.0
10.0,5.0,0.0
12.0,9.0,0.0
13.0,13.0,0.0
12.0,14.0,0.0
8.0,14.0,0.0
11.0,10.0,0.0
8.0,9.0,0.0
10.0,10.0,0.0
11.0,10.0,0.0
16.0,10.0,0.0
11.0,10.0,0.0
11.0,6.0,0.0
10.0,11.0,0.0
12.0,10.0,0.0
12.0,14.0,0.0
12.0,16.0,0.0
17.0,8.0,0.0
13.0,10.0,0.0
13.0,14.0,0.0
14.0,16.0,0.0
9.0,17.0,0.0
6.0,11.0,0.0
10.0,6.0,0.0
12.0,6.0,0.0
13.0,10.0,0.0
12.0,14.0,0.0
9.0,5.0,0.0
13.0,6.0,0.0
15.0,8.0,0.0
12.0,11.0,0.0
13.0,14.0,0.0
11.0,16.0,0.0
12.0,12.0,0.0
5.0,13.0,0.0
9.0,11.0,0.0
9.0,13.0,0.0
9.0,12.0,0.0
9.0,10.0,0.0
6.0,11.0,0.0
8.0,15.0,0.0
12.0,12.0,0.0
8.0,11.0,0.0
10.0,8.0,0.0
14.0,13.0,0.0
9.0,10.0,0.0
9.0,13.0,0.0
8.0,11.0,0.0
16.0,12.0,0.0
8.0,15.0,0.0
11.0,17.0,0.0
13.0,21.0,0.0
11.0,18.0,0.0
9.0,9.0,0.0
10.0,15.0,0.0
12.0,13.0,0.0
11.0,15.0,0.0
9.0,14.0,0.0
15.0,12.0,0.0
9.0,7.0,0.0
10.0,9.0,0.0
9.0,11.0,0.0
9.0,12.0,0.0
11.0,14.0,0.0
8.0,12.0,0.0
7.0,14.0,0.0
5.0,13.0,0.0
13.0,8.0,0.0
13.0,16.0,0.0
15.0,13.0,0.0
10.0,18.0,0.0
12.0,14.0,0.0
4.0,18.0,0.0
8.0,14.0,0.0
13.0,14.0,0.0
10.0,12.0,0.0
10.0,12.0,0.0
9.0,14.0,0.0
13.0,14.0,0.0
10.0,16.0,0.0
12.0,13.0,0.0
7.0,17.0,0.0
7.0,15.0,0.0
13.0,10.0,0.0
13.0,14.0,0.0
8.0,11.0,0.0
10.0,8.0,0.0
8.0,11.0,0.0
10.0,13.0,0.0
12.0,12.0,0.0
9.0,10.0,0.0
14.0,14.0,0.0
15.0,16.0,0.0
14.0,14.0,0.0
10.0,7.0,0.0
8.0,14.0,0.0
14.0,14.0,0.0
14.0,15.0,0.0
10.0,11.0,0.0
10.0,11.0,0.0
11.0,12.0,0.0
15.0,11.0,0.0
11.0,12.0,0.0
13.0,12.0,0.0
10.0,8.0,0.0
10.0,11.0,0.0
10.0,13.0,0.0
10.0,10.0,0.0
11.0,14.0,0.0
14.0,15.0,0.0
14.0,12.0,0.0
13.0,11.0,0.0
14.0,9.0,0.0
10.0,13.0,0.0
7.0,9.0,0.0
7.0,12.0,0.0
10.0,10.0,0.0
6.0,10.0,0.0
14.0,8.0,0.0
15.0,15.0,0.0
9.0,15.0,0.0
11.0,9.0,0.0
9.0,12.0,0.0
11.0,14.0,0.0
15.0,11.0,0.0
9.0,7.0,0.0
8.0,8.0,0.0
14.0,4.0,0.0
14.0,7.0,0.0
15.0,9.0,0.0
12.0,9.0,0.0
10.0,7.0,0.0
13.0,14.0,0.0
12.0,11.0,0.0
11.0,6.0,0.0
10.0,12.0,0.0
13.0,10.0,0.0
11.0,8.0,0.0
10.0,7.0,0.0
9.0,7.0,0.0
9.0,7.0,0.0
14.0,8.0,0.0
19.0,14.0,0.0
17.0,14.0,0.0
12.0,12.0,0.0
13.0,15.0,0.0
15.0,6.0,0.0
16.0,14.0,0.0
16.0,19.0,0.0
11.0,11.0,0.0
17.0,12.0,0.0
18.0,11.0,0.0
13.0,9.0,0.0
9.0,6.0,0.0
7.0,9.0,0.0
11.0,13.0,0.0
8.0,14.0,0.0
17.0,13.0,0.0
14.0,8.0,0.0
12.0,7.0,0.0
12.0,8.0,0.0
14.0,8.0,0.0
13.0,7.0,0.0
9.0,7.0,0.0
11.0,7.0,0.0
13.0,7.0,0.0
16.0,9.0,0.0
10.0,8.0,0.0
11.0,17.0,0.0
14.0,13.0,0.0
13.0,9.0,0.0
11.0,10.0,0.0
11.0,11.0,0.0
19.0,9.0,0.0
13.0,10.0,0.0
9.0,9.0,0.0
11.0,9.0,0.0
13.0,9.0,0.0
10.0,11.0,0.0
11.0,5.0,0.0
0.0,6.0,0.0
0.0,11.0,0.0
0.0,9.0,0.0
0.0,6.0,0.0
0.0,9.0,0.0
